row_id,question,response,reference,retrieved_contexts,exact_match,string_present
0,"Что будет, если зайти в корпус МИФИ по чужому пропуску? И можно ли провести с собой в университет друга/родителей, если у них нет пропуска?","Зайти в корпус МИФИ по чужому пропуску — нарушение пропускного режима. Это может повлечь административную ответственность и запрет на посещение территории университета.  

Провести в университет друга или родителей без пропуска **нельзя**. На территории НИЯУ МИФИ действует строгий пропускной режим, и доступ разрешён только студентам, сотрудникам и лицам, имеющим официальный пропуск.",Передавать свой пропуск другим людям нельзя. По правилам университета это строго запрещено. Поэтому проходить в университет по чужому пропуску или проводить по нему другого человека нельзя.,[],0.0,0.0
1,Разрешено ли находиться в вузе ночью?,Информация отсутствует в документе.,На территории университета можно находиться с 6:00 до 22:00. После этого времени находиться в корпусах университета нельзя.,[],0.0,0.0
2,"Можно ли проносить в университет алкоголь или, допустим, что-то «для праздника» в общагу?","Нет, проносить алкоголь в университет и в общежитие **строго запрещено**. Это нарушает правила пропускного режима и может повлечь дисциплинарное взыскание, вплоть до отчисления.",Нет. Проносить алкоголь на территорию университета запрещено. Это правило распространяется на все корпуса университета.,[],0.0,0.0
3,"Если я что-то сломал в аудитории случайно (оборудование, мебель), кто несёт ответственность и что обычно происходит дальше?","Материальная ответственность за случайное повреждение оборудования или мебели в аудитории несёт студент. Вам необходимо **немедленно сообщить** о происшествии в службу безопасности НИЯУ МИФИ по телефону **+7 (495) 788-56-99** или в учебный отдел.  

Далее — проводится проверка, определяется размер ущерба, и вы обязаны **возместить стоимость** в полном объёме.  

Важно: если вы не сообщите о происшествии, ответственность может быть возложена на вас полностью, даже если повреждение было случайным.","Отдельного правила о том, что делать в такой ситуации, не указано. В таких случаях лучше сразу сообщить преподавателю или сотруднику университета, который отвечает за аудиторию.",[],0.0,0.0
4,Есть ли ограничения на фото/видеосъёмку в университете?,Информация отсутствует в документе.,"Отдельных правил про фото или видеосъёмку здесь не указано. Если нужно что-то снимать в корпусе или на занятии, лучше уточнить у преподавателя или сотрудников университета.",[],0.0,0.0
